hashtag,count
salvini,539
referendumgiustizia,130
senato,95
vociitaliane,63
portaaporta,54
quartarepubblica,42
primalitalia,40
nocoprifuoco,36
fuoridalcoro,36
decretoclandestini,32
cartabianca,31
crisidigoverno,26
lariadidomenica,26
lariachetira,23
nonstopnews,23
non,23
skytg24,23
tg2post,22
mezzorainpi,21
drittoerovescio,19
morradimettiti,19
tokyo2020,18
staseraitalia,18
stampaestera,18
noneladurso,18
ddlzan,16
draghi,16
radioradio,15
colpadisalvini,13
catania,13
nataleconituoi,13
mattino5,12
oggi,12
omnibusla7,12
iofirmo,11
calabria,11
mauriziocostanzoshow,11
arcuri,11
nonelarena,11
forzaazzurri,10
israele,10
natale,10
ore14rai2,10
olympicgames,9
italiainghilterra,9
euro2020,9
livein,9
bernardosindaco,8
zapping,8
fiduciadraghi,8
primagliitaliani,8
dimarted,8
permetteteci,8
skytg24livein,8
palermo,7
titolov,7
romatornacapitale,6
vincelasquadra,6
vieniafirmare,6
milano2021,6
chicoforti,6
iostoconilpoliziotto,6
conte,6
pacefiscale,6
radiocapital,6
consultazioni,6
patrimoniale,6
disabilityday,6
agorarai,5
campionideuropa,5
euro2020final,5
berrettini,5
roma,5
ottoemezzo,5
tassadisuccessione,5
sanremo2021,5
governodraghi,5
conteout,5
camera,5
instagramlive,5
radio24,5
rainews24,5
amazon,5
sardegna,4
itscomingrome,4
dalleparoleaifatti,4
italiaaustria,4
eriksen,4
italiaturchia,4
brusca,4
gazebolega,4
figliuolo,4
lis,4
gregoretti,4
pioeamedeo,4
coprifuoco,4
festadelladonna,4
tg4,4
maratonamentana,4
decretisicurezza,4
vogliamovotare,4
democrazia,4
ciampolillo,4
liveinstagram,4
recoveryfund,4
congiuntifuoriregione,4
chiellini,3
giochiolimpici,3
ciaoraffaella,3
itaeng,3
storiafutura,3
itaaut,3
christian,3
mezzorainpiu,3
fatima,3
chega,3
libert,3
biancaneve,3
grillo,3
rambouillet,3
orb,3
sanmarino,3
consultazionidraghi,3
bertolaso,3
azzolinaout,3
dimissioniconte,3
andateacasa,3
mastella,3
azzolinabocciata,3
skuolanet,3
lotteriadegliscontrini,3
cusanotv,3
santelli,3
noallaviolenzasulledonne,3
morra,3
taekwondo,2
olimpiadi,2
openingceremony,2
lega,2
sognoazzurro,2
medjugorje,2
italia,2
italiacampionedeuropa,2
italyengland,2
wimbledon,2
redditodicittadinanza,2
itaspa,2
italiaspagna,2
enniomorricone,2
carr,2
belgioitalia,2
belita,2
inonda,2
donnarumma,2
orgoglioitaliano,2
fedriga,2
bianchini,2
danimarcafinlandia,2
poliziapenitenziaria,2
saman,2
michelemerlo,2
kamalaharris,2
crisanti,2
raggiout,2
lamafiamifaschifo,2
freccetricolori,2
mangiacomeparli,2
maneskin,2
eurovision,2
budapest2021,2
zonabianca,2
ceuta,2
israelunderattack,2
festadellamamma,2
schwazer,2
terremoto,2
vannini,2
plastictax,2
domenicalive,2
fedez,2
felicissimasera,2
enricostaisereno,2
zorzi,2
verona,2
iostoconsalvini,2
radioanchio,2
decretosostegni,2
bolkestein,2
bassino,2
fisalpine,2
iussoli,2
giornatanazionale,2
womensday,2
ottomarzo,2
sanremo,2
cortina2021,2
bellugi,2
ricciardi,2
quirinale,2
dimartedi,2
portogallo,2
zonarossa,2
lombardia,2
como,2
mattarella,2
pescatori,2
paolorossi,2
disabilit,2
pontesullostretto,2
riportiamoliacasa,2
comuni,2
santabarbara,2
dpcm,2
congiuntifuoricomune,2
taskforce,2
nopatrimoniale,2
marche,2
sci,2
codicerosso,2
tortu,1
travaglio,1
bus,1
palmisano,1
valentinorossi,1
motogp,1
vr46,1
stano,1
marcia,1
cyclingtrack,1
tita,1
banti,1
sailing,1
vanessaferrari,1
artisticgymnastics,1
tamberi,1
jacobs,1
olympics,1
gazzettadelmezzogiorno,1
milanomarittima21,1
archery,1
federicapellegrini,1
oristano,1
cagliari,1
voghera,1
gazidis,1
emiliano,1
paoloborsellino,1
viadamelio,1
volley,1
fivbwomensu20,1
liberoderienzo,1
milano,1
economist,1
germania,1
pozzetto,1
greenpass,1
carrambachesorpresa,1
mamma,1
mancini,1
vialli,1
campionidivita,1
itsnotcominghome,1
itscominghome,1
campioni,1
buonsabato,1
linobanfi,1
oceanviking,1
lariachetirala7,1
flattaxation,1
azzurri,1
ita,1
chiesa,1
spinazzola,1
independenceday,1
july4th,1
italiainmovimento,1
roadshowalis,1
italiabelgio,1
budspencer,1
giornatamondialecontroladroga,1
internationaldayagainstdrugs,1
liveinfirenze,1
laives,1
nicola,1
iostocolpoliziotto,1
varicano,1
italiagalles,1
itawal,1
bongiorno,1
garavaglia,1
circiello,1
stefani,1
fontana,1
spirl,1
fugatti,1
cimmino,1
boniperti,1
mascherine,1
italiasvizzera,1
italyswitzerland,1
forzaazzuri,1
statodiemergenza,1
maturita2021,1
wbdd2021,1
keeptheworldbeating,1
giornatamondialedeldonatoredisangue,1
europei2021,1
estateitaliana,1
romacapitale,1
egitto,1
marinamilitare,1
giornatadellamarina,1
epifani,1
ilvolo,1
arenadiverona,1
seidvisin,1
carabinieri,1
dazn,1
danimarca,1
ancheno,1
basovizza,1
festadellarepubblica,1
mattino,1
clinteastwood,1
anothereurope,1
dupasquier,1
championsleaguefinal,1
leganelmondo,1
damiano,1
funivia,1
giovannifalcone,1
capaci,1
giroditalia,1
mentana,1
successone,1
wedding,1
ricolfi,1
aquatics2020bp,1
battiato,1
ossessionati,1
juveinter,1
nessunotocchianni20,1
ugdp,1
israel,1
hamas,1
fallaci,1
juvemilan,1
sempremilan,1
mothersday,1
livatino,1
riaperture,1
friuli,1
terni,1
elecciones4m,1
condorelli,1
disneyland,1
esercitoitaliano,1
vergognaraggi,1
duomo,1
savianovergogna,1
letta,1
dimaio,1
concertone,1
escoancheperdonare,1
iostocolgioielliere,1
festivaldellavoro2021,1
terroristirossi,1
brigaterosse,1
battisti,1
pirlo,1
nonstopnewss,1
liberazione,1
armeniangenocide,1
libia,1
pnrr,1
natalediroma,1
openarms,1
beppestaisereno,1
sinistramarziana,1
quattrocchi,1
erdogan,1
sceglididonare,1
giornatanazionaledonazioneorgani,1
bahrain,1
laquila,1
pellegrini,1
sinner,1
miamiopen,1
giornatamondialeautismo,1
entrainzonablu,1
sfidautismo21,1
morawiecki,1
poliziadistato,1
essercisempre,1
europapostcovid,1
terencehill,1
domenicadellepalme,1
pesach,1
pasquaebraica,1
trentino,1
tridico,1
danted,1
modellogenova,1
fosseardeatine,1
nutriscore,1
netanyahu,1
corneliani,1
insiemeperlavita,1
whatsappdown,1
instagramdown,1
genitoripersempre,1
treviso,1
festadelpap,1
rinascita,1
dlsostegni,1
sala,1
astrazeneca,1
kuwait,1
aldomoro,1
motoguzzi,1
casadei,1
veronamilan,1
oriettaberti,1
iraq,1
iveco,1
zingaretti,1
india,1
sputnik,1
cambiodipasso,1
aeronauticamilitare,1
freccetricolori60,1
goldenglobes,1
funeralidistato,1
gresini,1
congo,1
pradacup,1
lunarossapradapirelli,1
mihajlovic,1
zonaarancione,1
smog,1
lockdown,1
pantani,1
sanvalentino,1
giuramento,1
foibe,1
giornodelricordo,1
francomarini,1
giornataperlavita,1
worldcancerday,1
flattax,1
banchiconlerotelle,1
fidal,1
arcuriout,1
giornatadellamemoria,1
pernondimenticare,1
weremember,1
alvoto,1
fiducianegliitaliani,1
presidenciais2021,1
quota100,1
ventura,1
sofiagoggia,1
elenacurtoni,1
hunziker,1
grillovergogna,1
crisigoverno,1
demagistris,1
senatoreikea,1
rigopiano,1
italiateam,1
obe21,1
costruttori,1
alexzanardi,1
elezioni,1
liberoquotidiano,1
deandr,1
libero,1
viareggio,1
solange,1
washington,1
azzolina,1
epifania,1
qatar,1
ferrara,1
formentini,1
buonanno,1
buon2021,1
stopcartelle,1
iostocolpreside,1
neve,1
deluca,1
cineclochard,1
salviniclochard,1
buonnatale,1
vigiliadinatale,1
chicofortilibero,1
raggi,1
damilano,1
cashbackdistato,1
nonricordo,1
italia2021,1
governosveglia,1
vitavera,1
pessimi,1
piazzafontana,1
toninelli,1
fondosalvini,1
bonusmobili,1
riportateliacasa,1
manovra,1
cavanna,1
recovery,1
ilva,1
recoveryplan,1
immacolataconcezione,1
panaro,1
volontariato,1
torino,1
contepinocchio,1
falconeeborsellino,1
lotteriadesgliscontri,1
alessandria,1
liberateipescatori,1
decretoristori,1
festanazionale,1
ro2020,1
ronationalday,1
centrodestra,1
riformames,1
centocelle,1
maltempo,1
boldrini,1
demicheli,1
studio24,1
milanotaranto,1
comprosottocasa,1
natale2020,1
mes,1
nagornokarabakh,1
diegomaradona,1
padova,1
scioperofiscale,1
codicetrosso,1
maradona,1
irpinia,1
lavoratorifragili,1
virgofidelis,1
giornatamondialedellinfanzia,1
worldchildrensday,1
ginostrada,1
tallini,1
gratteri,1
confindustria,1
sordi,1
bonomi,1
zanicchi,1
speranza,1
gaudio,1
