word,count
salvini,591
lega,461
governo,391
italiani,377
italia,333
lavoro,267
oggi,254
grazie,248
amici,209
dell,179
anni,176
vita,171
paese,165
diretta,153
roma,150
conte,147
milioni,146
sempre,143
prima,139
salute,139
tutta,136
solo,136
referendumgiustizia,130
sicurezza,124
presidente,122
buon,120
bene,120
dopo,119
senato,117
senza,116
fatto,116
pd,115
fare,115
libertà,115
ora,113
grande,112
può,112
centrodestra,112
buona,108
già,106
essere,106
ministro,102
draghi,102
all,101
casa,97
famiglie,95
no,95
altri,95
mai,94
due,94
tempo,91
parte,90
cittadini,89
fa,89
stato,89
vaccini,89
tasse,89
qui,88
gazebo,88
aver,88
mesi,86
ancora,84
mondo,84
parlamento,84
giustizia,81
solidarietà,81
abbraccio,80
avanti,79
ogni,78
fino,77
milano,77
persone,76
donne,75
scuola,73
buonsenso,72
domani,72
imprese,72
firme,71
italiano,71
tutte,70
europa,70
giorno,69
sindaco,69
poi,69
natale,69
mentre,68
piano,67
covid,66
parole,66
cosa,66
anno,65
legge,65
me,64
sinistra,64
rispetto,63
calabria,63
va,62
giorni,62
così,62
vociitaliane,62
diritto,61
poco,61
aspetto,61
meno,61
insieme,60
sì,60
arcuri,60
altro,59
firmare,59
tanti,59
litalia,59
un,57
forza,56
paesi,56
futuro,55
cè,55
uomini,55
spero,55
serve,54
intervento,53
rai,53
camera,53
città,53
situazione,53
euro,53
portaaporta,53
cartelle,52
vuole,51
nazionale,51
momento,50
lavoratori,50
famiglia,50
priorità,49
verso,48
testa,48
almeno,48
preghiera,48
sostegno,48
processo,48
persona,48
migliaia,48
maggioranza,48
settimana,47
ragazzi,47
italiane,47
sotto,47
iva,47
regione,46
lombardia,46
primo,46
cuore,46
regioni,46
ieri,45
ritorno,45
attività,45
vaccinale,45
papà,44
italiana,44
tre,44
basta,44
sera,44
pensiero,43
via,43
viva,43
battaglia,43
comuni,43
dice,43
tornare,43
riaperture,43
scuole,43
rischio,43
problemi,43
fine,42
andare,42
qualcuno,42
quartarepubblica,42
pace,42
sbarchi,42
avere,42
ps,41
nuovo,41
fiscale,41
incontro,41
soldi,41
letta,40
luglio,40
buongiorno,40
figli,40
politica,40
quando,40
alta,40
auguri,40
democrazia,40
qualche,40
invece,40
primalitalia,40
far,40
forze,40
raccolta,39
dare,39
domenica,39
giornata,39
centro,39
difficoltà,39
medici,39
esattoriali,39
catania,39
mamma,38
deve,38
riforma,38
miliardi,38
rete,37
mattina,37
speranza,37
sorriso,37
taglio,37
bimbi,37
ue,37
partito,37
fiducia,36
bella,36
de,36
soli,36
squadra,36
impegno,36
difesa,36
molto,36
aiutare,36
europei,36
confini,36
nocoprifuoco,36
fuoridalcoro,36
oltre,35
san,35
complimenti,35
secondo,35
possibile,35
violenza,34
dati,34
molti,34
po,34
grandi,34
chiesto,34
finalmente,34
stati,34
sindaci,34
dovere,34
tribunale,34
chiede,34
sabato,33
nuove,33
ministri,33
state,33
viene,33
comunità,33
esempio,33
mettere,33
dall,33
pronti,33
palermo,33
skytg24,33
lavorare,33
decreti,33
poltrone,33
aiuto,32
polizia,32
popolo,32
piazza,32
proposta,32
paolo,32
disabilità,32
decretoclandestini,32
nuova,31
parola,31
davvero,31
decreto,31
disabili,31
bisogno,31
notte,31
repubblica,31
cartabianca,31
troppo,30
serata,30
clandestini,30
ore,30
piazze,30
paura,30
proprio,30
elezioni,30
aprile,30
fuori,30
commercianti,30
azzolina,30
orgoglio,29
proposte,29
divisa,29
memoria,29
entro,29
fatti,29
associazioni,29
notizia,29
imprenditori,29
fra,29
nome,28
splendida,28
vivere,28
niente,28
meglio,28
vaccino,28
francia,28
morti,28
caso,28
possono,28
sanitaria,28
mano,28
virus,28
commissario,28
voto,28
penso,27
storia,27
10,27
male,27
passo,27
ministero,27
vera,27
altre,27
tanto,27
turismo,27
uomo,27
visto,27
israele,27
nulla,26
mezzo,26
cari,26
nessuno,26
20,26
pena,26
burocrazia,26
studenti,26
subito,26
dire,26
onore,26
fronte,26
controllo,26
chiusure,26
presto,26
vanno,26
partire,26
crisidigoverno,26
lariadidomenica,26
gente,25
bambini,25
bisogna,25
coraggio,25
ricordo,25
capitale,25
immigrati,25
luca,25
richiesta,25
lotta,25
comune,25
litigi,25
coprifuoco,25
ordine,25
emergenza,25
stelle,25
partite,25
piccolo,25
difendere,25
idee,25
dovrebbe,25
ritardi,25
18,24
vicinanza,24
insegnanti,24
soprattutto,24
aziende,24
saluto,24
15,24
diritti,24
unico,24
riaprire,24
posti,24
amico,24
punto,24
matteo,24
crisi,24
cose,24
venga,24
gennaio,24
affetto,24
generale,24
senatori,24
httpstcojqr12goqkb,23
voglia,23
gioia,23
bocca,23
consiglio,23
ragione,23
te,23
germania,23
zona,23
forte,23
orgoglioso,23
detto,23
parla,23
cantieri,23
pensa,23
bar,23
politici,23
ripartenza,23
stop,23
50,23
dato,23
sviluppo,23
stesso,23
riapertura,23
vista,23
verità,23
tg2post,23
pagare,23
porti,23
vogliono,23
possa,23
lariachetira,23
nonstopnews,23
pomeriggio,22
sport,22
referendum,22
carcere,22
fondo,22
condizioni,22
devono,22
vergogna,22
parlare,22
tante,22
aula,22
realtà,22
volontariato,22
temi,22
ristoranti,22
settore,22
staseraitalia,22
mascherine,22
difeso,22
governatori,22
economica,22
purtroppo,21
pandemia,21
posto,21
senso,21
responsabilità,21
aspettiamo,21
portare,21
terapie,21
straordinario,21
meritano,21
partita,21
pronto,21
dobbiamo,21
patrimoniale,21
fondi,21
piccoli,21
sanità,21
stata,21
mezzorainpiù,21
renzi,21
perdere,20
portato,20
né,20
mario,20
mese,20
stare,20
numero,20
parlamentari,20
30,20
confronto,20
tutela,20
tema,20
follia,20
cambio,20
cancellare,20
chiedono,20
servono,20
artigiani,20
aperto,20
sud,20
gesto,20
prossimi,20
idea,20
chiuso,20
europea,20
errori,20
sequestro,20
problema,20
votare,20
banchi,20
rotelle,20
marzo,20
morra,20
live,19
conto,19
dellitalia,19
massimo,19
torna,19
vittoria,19
servizio,19
fianco,19
minacce,19
marino,19
centinaia,19
politiche,19
pare,19
volte,19
fondamentale,19
genitori,19
100,19
liberi,19
giusta,19
lunedì,19
venerdì,19
mamme,19
soluzione,19
vogliamo,19
quindi,19
importante,19
settimane,19
12,19
dignità,19
drittoerovescio,19
giro,19
jole,19
unito,19
poter,19
dà,19
grillo,19
morradimettiti,19
campo,18
tokyo2020,18
ce,18
piú,18
nessun,18
nemmeno,18
mollare,18
5stelle,18
nell,18
firma,18
merita,18
ultimo,18
sede,18
scelta,18
volta,18
cultura,18
nuovi,18
giulia,18
ultimi,18
trova,18
pochi,18
la7,18
nord,18
ringrazio,18
vengono,18
rottamazione,18
accordo,18
alcuni,18
contributi,18
progetti,18
propria,18
partenza,18
diverse,18
credo,18
negozi,18
bilancio,18
stampaestera,18
parlato,18
nonèladurso,18
noneladurso,18
ecco,17
enrico,17
droga,17
danni,17
provincia,17
rimborsi,17
vero,17
voglio,17
amore,17
anziani,17
obiettivo,17
amministratori,17
venezia,17
giovani,17
stamane,17
so,17
agenti,17
vergognoso,17
quasi,17
potranno,17
attenzione,17
22,17
evitare,17
voce,17
premier,17
normale,17
tavolo,17
pensare,17
ben,17
serio,17
produzione,17
poltrona,17
milione,16
compleanno,16
continua,16
viaggio,16
ius,16
appena,16
intervista,16
2020,16
carabinieri,16
11,16
ormai,16
figlio,16
certo,16
vediamo,16
ricoverati,16
troppi,16
ddlzan,16
infrastrutture,16
unica,16
protocolli,16
regole,16
bello,16
terra,16
adesso,16
torino,16
successo,16
attesa,16
uscire,16
interesse,16
dicembre,16
economico,16
commissione,16
blocco,16
dimenticati,16
prossimo,16
maggio,16
malati,16
httpstco5iq8gyt5lm,16
2021,16
autonomi,16
cina,16
bertolaso,16
allora,15
alcune,15
cambiare,15
straordinaria,15
post,15
ong,15
circa,15
cittadinanza,15
orgogliosi,15
incontrato,15
altra,15
giusto,15
processi,15
prosegue,15
progetto,15
territori,15
16,15
ascoltare,15
regalo,15
inizio,15
ennesima,15
primi,15
signore,15
modello,15
emendamento,15
giugno,15
felice,15
25,15
pieno,15
civile,15
immigrazione,15
tempi,15
libera,15
sbagliato,15
occorre,15
modo,15
santelli,15
magari,15
chiusi,15
risposte,15
portogallo,15
aggiorno,15
case,15
possano,15
contento,15
usa,15
mani,15
auguro,15
rinascita,15
buonanotte,15
dosi,15
ospedale,15
vado,15
interventi,15
mattarella,15
appello,14
raggi,14
richieste,14
trasporto,14
olimpiadi,14
vittime,14
nonostante,14
salvare,14
vite,14
spesso,14
sardegna,14
elenco,14
signora,14
coloro,14
potrà,14
dicono,14
fortuna,14
napoli,14
colpa,14
silenzio,14
clandestina,14
nicola,14
bologna,14
mare,14
dialogo,14
tv,14
sorrisi,14
voluto,14
battaglie,14
dentro,14
totale,14
incredibile,14
sicuro,14
sbaglia,14
professionisti,14
stefano,14
morte,14
restituire,14
danno,14
codice,14
bloccare,14
padre,14
anzi,14
professor,14
fido,14
zero,14
qualcosa,14
donna,14
capezzone,14
collaborazione,14
interessi,14
risparmi,14
precari,14
recovery,14
fatta,14
ministeri,14
vendita,14
infermieri,14
radioradio,14
serie,14
mastella,14
pelle,13
davanti,13
possibilità,13
candidato,13
testimonianza,13
giuseppe,13
vince,13
dieci,13
speriamo,13
weekend,13
mafia,13
durante,13
immagini,13
canale,13
maio,13
migliore,13
firmato,13
httpstcok2osxocxbs,13
ragazza,13
divieti,13
strada,13
ex,13
giovanni,13
ciò,13
verrà,13
sistema,13
colpadisalvini,13
paga,13
segno,13
magistrati,13
chiaro,13
funziona,13
utilizzo,13
azienda,13
zingaretti,13
particolare,13
ripartire,13
soluzioni,13
ennesimo,13
offrire,13
60,13
polemiche,13
tutelare,13
scelto,13
regionali,13
concreti,13
brunovespa,13
notizie,13
ragazzo,13
pensate,13
economia,13
addirittura,13
mattino5,13
aprire,13
commosso,13
cancellazione,13
ospedali,13
chiediamo,13
sacrifici,13
pubblici,13
lavori,13
chiarezza,13
governatore,13
numeri,13
gestione,13
fermo,13
misure,13
pubblico,13
prof,13
ristori,13
omnibusla7,13
nataleconituoi,13
calabrese,13
medaglia,12
estate,12
giovedì,12
campione,12
michetti,12
festa,12
24,12
medico,12
foto,12
nonni,12
la,12
favore,12
ferma,12
libero,12
settembre,12
bel,12
lavorando,12
rosso,12
maurizio,12
santa,12
censura,12
storico,12
simbolo,12
pubblica,12
fermi,12
scelte,12
cara,12
accoglienza,12
social,12
capito,12
dico,12
controlli,12
certezza,12
casalino,12
però,12
correnti,12
palamara,12
scritto,12
vicino,12
aumento,12
trasparenza,12
rappresentanti,12
dovuto,12
rifiuti,12
normalità,12
invio,12
integrazione,12
vicenda,12
incontrare,12
cts,12
limpegno,12
utile,12
mettono,12
positivi,12
passato,12
2019,12
corso,12
vivono,12
risultati,12
cittadino,12
udienza,12
pensano,12
instagram,12
quel,12
europeo,12
matti,12
lascio,12
concreta,12
rilancio,12
pescatori,12
oggièunaltrogiorno,12
primavera,12
calabresi,12
bassetti,12
nonelarena,12
contrario,11
arriva,11
usare,11
semplicemente,11
arrivare,11
civiltà,11
lockdown,11
conferma,11
fuoco,11
esserci,11
zone,11
autorità,11
maria,11
politico,11
dedicato,11
stasera,11
bellissima,11
libro,11
centri,11
iofirmo,11
agente,11
stima,11
vive,11
cinema,11
seguite,11
risultato,11
locali,11
valore,11
presa,11
fila,11
alessandro,11
vengano,11
non,11
rivedere,11
musica,11
dovrà,11
risposta,11
differenza,11
costruire,11
vada,11
debbio,11
rinvio,11
tax,11
ovunque,11
berlusconi,11
signor,11
sangue,11
supporto,11
arrivano,11
triste,11
nicolaporro,11
il,11
dimenticare,11
significa,11
sovranità,11
possiamo,11
disposizione,11
rilanciare,11
daccordo,11
libia,11
allestero,11
assurdo,11
primule,11
chiuse,11
opere,11
perso,11
figliuolo,11
giù,11
tassare,11
messo,11
chiedo,11
poche,11
guariti,11
sequestratore,11
scafisti,11
giudice,11
bunker,11
molla,11
necessario,11
separati,11
diamo,11
pasqua,11
pensioni,11
classe,11
mauriziocostanzoshow,11
200,11
sputnik,11
leuropa,11
risorse,11
domiciliari,11
teatri,11
cinese,11
altrimenti,11
concrete,11
sci,11
siringhe,11
rimpasti,11
visione,11
amazon,11
ore14rai2,11
firenze,10
colori,10
volontari,10
impegnati,10
quest,10
record,10
allitalia,10
lido,10
finale,10
vota,10
popolare,10
chiedere,10
penitenziaria,10
importanti,10
distanza,10
municipi,10
povera,10
difficile,10
reddito,10
molte,10
ucciso,10
manca,10
quattro,10
passione,10
capo,10
forzaazzurri,10
delinquenti,10
presentazione,10
pronta,10
httpstco6fgbjkibjr,10
senatore,10
personale,10
muore,10
1500,10
sole,10
palazzo,10
ufficiale,10
aiuta,10
urgente,10
contagi,10
discoteche,10
garantire,10
affinché,10
islamico,10
trovare,10
bongiorno,10
approvato,10
saldo,10
genova,10
nave,10
atto,10
valori,10
interno,10
spagna,10
torni,10
costretti,10
vedere,10
dimostrato,10
risolvere,10
uniti,10
pagina,10
direzione,10
sblocco,10
stralcio,10
caos,10
strage,10
veneto,10
tenere,10
mette,10
sottosegretario,10
deciso,10
ambiente,10
incapaci,10
giornalista,10
preoccupazione,10
periodo,10
lavora,10
daniele,10
nessuna,10
parlano,10
porta,10
ama,10
fiscali,10
prossima,10
palestre,10
impianti,10
assolutamente,10
appalti,10
friuli,10
necessità,10
figlia,10
chiudere,10
promesso,10
roba,10
dimetta,10
rossa,10
capricci,10
facebook,10
categorie,10
economiche,10
vaccinare,10
concreto,10
evidente,10
prendere,10
aiuti,10
maestra,10
ciampolillo,10
agosto,9
mercato,9
emozioni,9
mezzi,9
olympicgames,9
simonetta,9
matone,9
vincere,9
terapia,9
confronti,9
carico,9
minuti,9
fiamme,9
stamattina,9
vigili,9
disastro,9
sacrificio,9
odio,9
azzurri,9
guarigione,9
23,9
mondiale,9
francesco,9
governi,9
gran,9
direttore,9
buoni,9
antonio,9
difende,9
incapacità,9
giornali,9
segretario,9
soddisfazione,9
grave,9
prime,9
invito,9
voluta,9
scomparsa,9
decine,9
mattinata,9
assoluto,9
intensive,9
crescita,9
zan,9
mascherina,9
allaperto,9
forti,9
italiainghilterra,9
euro2020,9
insulti,9
anziché,9
destinati,9
sostegni,9
confindustria,9
100mila,9
scusa,9
luoghi,9
chiesa,9
sondaggio,9
pericolo,9
viminale,9
ascolto,9
interessa,9
protezione,9
verona,9
massima,9
flat,9
veri,9
paghi,9
dovrebbero,9
cinque,9
miglioramento,9
feriti,9
bianca,9
promessi,9
messi,9
razzismo,9
reggio,9
addio,9
riparte,9
giudizio,9
ospite,9
ottimo,9
saman,9
lavoriamo,9
made,9
italy,9
sull,9
40,9
26,9
giorgia,9
inaccettabile,9
vedo,9
compatto,9
moglie,9
onda,9
business,9
perbene,9
locale,9
voleva,9
andato,9
previsto,9
limite,9
ristorante,9
messaggi,9
arrende,9
colloquio,9
plan,9
sportivi,9
seconda,9
potere,9
sbloccare,9
bruxelles,9
crede,9
vorrei,9
capisco,9
tranquillo,9
merito,9
commerciali,9
mezzanotte,9
bianco,9
aspettare,9
lasciato,9
atti,9
federazione,9
grado,9
procura,9
teatrino,9
manovra,9
mes,9
livein,9
caldo,8
oro,8
criminali,8
linea,8
lupo,8
rapidi,8
presenza,8
ristoratori,8
ottobre,8
13,8
evidentemente,8
sa,8
cambia,8
1000,8
arrivato,8
ribadito,8
proposito,8
vicini,8
partecipazione,8
eroi,8
gravi,8
democratici,8
barbaramente,8
professione,8
legittima,8
giovane,8
guida,8
prudenza,8
morire,8
campagna,8
prende,8
tivù,8
occuparsi,8
compagnia,8
2130,8
buongoverno,8
90,8
sola,8
vincenzo,8
mafie,8
fuga,8
andiamo,8
martedì,8
arrivi,8
togliere,8
coda,8
brescia,8
concretezza,8
litigano,8
tristezza,8
bernardosindaco,8
sapere,8
responsabile,8
positivo,8
correre,8
caffè,8
sembra,8
entrare,8
ballo,8
fede,8
là,8
trovato,8
quali,8
occasione,8
previsti,8
veloci,8
gt,8
mille,8
assunzioni,8
crescere,8
stefani,8
cielo,8
maggior,8
attacco,8
radicale,8
galera,8
chiusura,8
rischia,8
trasporti,8
certi,8
magistratura,8
oppure,8
sala,8
porto,8
poliziotti,8
fatturato,8
dellordine,8
stampa,8
indagato,8
clandestino,8
unione,8
omicidio,8
colleghi,8
impegnata,8
tassa,8
storie,8
aperture,8
lampedusa,8
bellissimo,8
espresso,8
ambasciatore,8
terrorismo,8
base,8
tragedia,8
arma,8
sullimmigrazione,8
marco,8
fermare,8
giustamente,8
lingua,8
madre,8
commercio,8
internazionale,8
arresti,8
bravi,8
serena,8
riunione,8
usando,8
privata,8
qualsiasi,8
video,8
divorziati,8
videoconferenza,8
peraltro,8
ritardo,8
umani,8
accusato,8
convinto,8
quei,8
cambiato,8
orbán,8
efficace,8
regime,8
comunista,8
giorgetti,8
governare,8
produrre,8
sanitario,8
lamorgese,8
russia,8
lemergenza,8
comunali,8
fiduciadraghi,8
consultazioni,8
primagliitaliani,8
costruttori,8
collego,8
incapace,8
seguito,8
delliva,8
permetteteci,8
deputati,8
skytg24livein,8
siena,7
tantissimi,7
potuto,7
lottare,7
iniziativa,7
29,7
lho,7
affetti,7
belle,7
ciao,7
tamponi,7
garanzia,7
sette,7
nomi,7
ricordare,7
basso,7
cura,7
luce,7
povero,7
ottenere,7
storica,7
consiglieri,7
toscana,7
radio,7
sportive,7
reati,7
inoltre,7
como,7
colpite,7
vinto,7
carriera,7
raccolte,7
spirito,7
rischiano,7
stabilità,7
applausi,7
19,7
forse,7
proteggere,7
genio,7
quartiere,7
splendido,7
ponte,7
affettuoso,7
scorso,7
porro,7
dose,7
parigi,7
ripresa,7
arrestato,7
rosse,7
fortunatamente,7
claudio,7
proposto,7
punti,7
arrivo,7
democratica,7
elettorale,7
riforme,7
approvare,7
francese,7
discussione,7
resto,7
contare,7
roberto,7
patria,7
spirlì,7
lamezia,7
terme,7
parlamentare,7
assoluta,7
tipo,7
marina,7
punire,7
discriminazione,7
farlo,7
luigi,7
21,7
casi,7
ho,7
erika,7
evasori,7
costante,7
sofferto,7
sbarcati,7
ideologia,7
passare,7
partiti,7
nota,7
mezzogiorno,7
protagonisti,7
efficiente,7
condanna,7
innocenti,7
europee,7
sintonia,7
investimenti,7
strade,7
popolazione,7
ottenuto,7
austria,7
mafiosi,7
tav,7
velocità,7
condivisa,7
motivo,7
polemica,7
continuare,7
indagati,7
poliziotto,7
tolleranza,7
franceschini,7
passa,7
sentire,7
combatte,7
qualunque,7
disastri,7
piace,7
realizzare,7
reale,7
olanda,7
arrivati,7
metta,7
barbara,7
anniversario,7
terribile,7
studio,7
servizi,7
tardi,7
attendiamo,7
chiare,7
denuncia,7
var,7
alzare,7
meloni,7
scherza,7
vittorio,7
condivido,7
dott,7
comunque,7
ndrangheta,7
gioco,7
capaci,7
lobiettivo,7
stessa,7
volere,7
sigarette,7
sociale,7
rimane,7
capire,7
alleati,7
sanitari,7
messaggio,7
decisione,7
insulta,7
sottosegretari,7
fedez,7
mateusz,7
budapest,7
50mila,7
estero,7
decidere,7
80,7
plasma,7
anticovid,7
inchiesta,7
ritengo,7
quota,7
piacerebbe,7
gialla,7
livello,7
pranzo,7
lettera,7
lha,7
fermato,7
forma,7
corriere,7
causa,7
14,7
opera,7
boccia,7
giletti,7
donazione,7
conferenza,7
regno,7
ungheria,7
scientifica,7
continuo,7
vergognose,7
ultima,7
domando,7
rispondere,7
continui,7
avvocato,7
accaduto,7
fretta,7
soffre,7
pregiudizi,7
vai,7
apertura,7
es,7
migliori,7
gestire,7
zapping,7
sentito,7
serietà,7
bonafede,7
tumore,7
litiga,7
dimartedì,7
titolov,7
dividere,7
spostamento,7
onlus,6
municipio,6
vale,6
pass,6
penalizzare,6
campioni,6
trovano,6
caro,6
chiunque,6
auto,6
gravissimo,6
grillini,6
convegno,6
mandare,6
andranno,6
costi,6
discriminazioni,6
obbligo,6
maltempo,6
tanta,6
piccole,6
alto,6
umbria,6
raccolto,6
categoria,6
coltellate,6
salvato,6
sicuramente,6
dite,6
bacioni,6
uccisa,6
spettacolo,6
saviano,6
930,6
ragazze,6
coraggiosa,6
passati,6
sostenere,6
agorarai,6
romatornacapitale,6
vincelasquadra,6
sociali,6
vede,6
origine,6
ricchezza,6
pensionati,6
spiace,6
sicilia,6
1300,6
vieniafirmare,6
milano2021,6
tolga,6
stupenda,6
sostiene,6
chiude,6
sale,6
controllato,6
augurio,6
carlo,6
conosce,6
chicoforti,6
veramente,6
sogno,6
compagni,6
code,6
condiviso,6
taser,6
impresa,6
cassazione,6
incontri,6
costa,6
mila,6
17,6
lasciare,6
scorta,6
professionalità,6
esemplare,6
lamore,6
turisti,6
visita,6
presente,6
cresce,6
cambiamento,6
litigare,6
norma,6
amare,6
saluti,6
santo,6
intero,6
segnale,6
separazione,6
carriere,6
zaia,6
padova,6
seria,6
alternativa,6
identità,6
documento,6
propone,6
migliorare,6
fate,6
inizia,6
scegliere,6
neanche,6
passano,6
peggio,6
dipendenti,6
lesempio,6
lasciati,6
lavorano,6
difficili,6
opportunità,6
porterò,6
gesù,6
entrato,6
nove,6
proprie,6
tedesca,6
autonomia,6
accolto,6
manifestazione,6
iostoconilpoliziotto,6
31,6
chiamato,6
termini,6
partecipare,6
potrete,6
direttamente,6
posizione,6
violenze,6
affitto,6
dicendo,6
parere,6
scientifico,6
vorrebbe,6
ginocchio,6
manager,6
intellettuali,6
spiagge,6
costituzione,6
appartiene,6
unici,6
garavaglia,6
ruolo,6
twitter,6
intervenire,6
ok,6
stagione,6
calcio,6
avviene,6
lincontro,6
guardare,6
morale,6
corpo,6
islamista,6
tappeto,6
efficacia,6
regalare,6
donare,6
salva,6
pazienza,6
lascia,6
bimba,6
turchia,6
economici,6
schifo,6
bravo,6
eitan,6
provvedimenti,6
sveglio,6
imu,6
indietro,6
lucia,6
leader,6
perdite,6
altrove,6
leale,6
parità,6
umano,6
onorare,6
bellezza,6
votato,6
gruber,6
vari,6
combattere,6
elettori,6
boss,6
bambino,6
minuto,6
dubbio,6
2000,6
agricoltura,6
mauro,6
dicano,6
latte,6
droghe,6
ricchi,6
formazione,6
montagna,6
sprechi,6
girare,6
domattina,6
decide,6
vorrebbero,6
giordano,6
ottima,6
diventare,6
agricoltori,6
interessano,6
ricorda,6
connazionali,6
benvenuto,6
inchieste,6
polacco,6
morawiecki,6
rapporti,6
morawieckim,6
metodo,6
metà,6
figura,6
lungo,6
fiera,6
beppe,6
rispettare,6
opposizione,6
marito,6
pensione,6
diciamo,6
myrtamerlino,6
misura,6
trafficanti,6
prescindere,6
aeroporto,6
rendere,6
culturali,6
giornalisti,6
tirare,6
area,6
menzogne,6
arrivando,6
posizioni,6
rifiuto,6
messa,6
viktor,6
potrebbe,6
cinesi,6
normativa,6
usato,6
ovviamente,6
ostaggio,6
ferme,6
immediata,6
lavorato,6
solito,6
bloccati,6
lultima,6
milanese,6
farmaceutiche,6
dipendere,6
allospedale,6
investire,6
leggi,6
raggiungere,6
indegno,6
compatti,6
febbraio,6
scadenze,6
pacefiscale,6
abitanti,6
combattuto,6
ilva,6
unità,6
guido,6
seguire,6
diceva,6
compravendita,6
affari,6
assistenza,6
compattezza,6
divieto,6
quirinale,6
imbarazzante,6
campare,6
trump,6
skype,6
antimafia,6
disabilityday,6
adoro,5
cancro,5
valle,5
regala,5
doro,5
regalato,5
tenuto,5
green,5
strutture,5
sacra,5
latina,5
trionfo,5
commovente,5
dimenticato,5
straniere,5
acque,5
bonus,5
didattica,5
doveroso,5
vieni,5
perdiamo,5
lottato,5
immediatamente,5
colpiti,5
assassinato,5
articolo,5
capisce,5
volo,5
pur,5
lassù,5
saggezza,5
esperienza,5
vito,5
condannato,5
marche,5
notturno,5
2330,5
hanno,5
letti,5
dimostrando,5
scientifiche,5
cagliari,5
campania,5
corre,5
licenziamento,5
organizzato,5
manuel,5
tolleranti,5
spalle,5
chissà,5
prova,5
ospiti,5
ragusa,5
informazioni,5
ferrara,5
parco,5
potete,5
testo,5
cantiere,5
riportare,5
liberale,5
telefonata,5
discrimina,5
decenni,5
dispersi,5
movimento,5
associazione,5
americana,5
grandissimo,5
educazione,5
ricoveri,5
amministrazione,5
lestate,5
accelerare,5
inutile,5
emozionante,5
scherziamo,5
divertimento,5
100000,5
3000,5
ditalia,5
zio,5
chico,5
prigione,5
immagine,5
campionideuropa,5
felicità,5
euro2020final,5
berrettini,5
elementari,5
camaiore,5
brutto,5
vuol,5
creare,5
marmi,5
proroga,5
sbarcare,5
onestà,5
dimenticano,5
raccogliere,5
rende,5
omaggio,5
indimenticabile,5
aperte,5
duro,5
quotidiano,5
maestro,5
cuori,5
romani,5
tale,5
disponibilità,5
piemonte,5
20mila,5
femministe,5
aggredisce,5
annunciato,5
potenza,5
tornano,5
marine,5
solida,5
diversi,5
logistica,5
riduzione,5
date,5
università,5
aperti,5
data,5
merda,5
giornate,5
varese,5
fondata,5
damilano,5
rtl1025,5
coerenza,5
richiesto,5
superando,5
inutili,5
pazzesco,5
episodio,5
ringraziamento,5
colpito,5
immigrato,5
preso,5
stranieri,5
incredibilmente,5
coltello,5
macchina,5
camere,5
piena,5
indagini,5
nascita,5
veloce,5
unire,5
buone,5
delinquente,5
prossime,5
superare,5
utero,5
genere,5
presenteremo,5
insiste,5
lasciamo,5
cordoglio,5
turistica,5
fortemente,5
necessari,5
guai,5
lezioni,5
fatte,5
trento,5
competenza,5
abbandonati,5
attacca,5
saprà,5
parleremo,5
culturale,5
frattempo,5
ossigeno,5
ticket,5
discutere,5
vino,5
nutriscore,5
contiamo,5
passaggio,5
dichiarato,5
christian,5
furbetti,5
devastante,5
italiaturchia,5
semplice,5
asili,5
chieda,5
accuse,5
occhi,5
cibo,5
approfondire,5
massimogara,5
necessaria,5
chiara,5
volentieri,5
norme,5
michele,5
annunziata,5
dellimmigrazione,5
mezzorainpiu,5
1430,5
multinazionali,5
cretino,5
ricordiamo,5
autobus,5
popolari,5
ottoemezzo,5
lilli,5
fatima,5
abita,5
restrizioni,5
sallusti,5
contributo,5
chega,5
gentilezza,5
riapre,5
amiche,5
francesi,5
gruppo,5
italianairforce,5
piscine,5
ebraica,5
positiva,5
indegna,5
giochi,5
fallimenti,5
motivi,5
dolore,5
berlinguer,5
ergastolo,5
tassadisuccessione,5
lis,5
spremuta,5
beni,5
franco,5
gregoretti,5
tg2rai,5
principessa,5
vertice,5
leggere,5
inviato,5
disgustoso,5
stanchi,5
cassa,5
diventa,5
farsi,5
piuttosto,5
favorire,5
oltranza,5
venire,5
riconoscimento,5
patrimonio,5
facile,5
ridere,5
assembramenti,5
finora,5
pandemico,5
caccia,5
denunciato,5
rivoluzione,5
assurda,5
esecutivo,5
25aprile,5
entra,5
genocidio,5
mettendo,5
pranzare,5
accordi,5
rischi,5
raggiunto,5
imporre,5
difendendo,5
scientifici,5
esseri,5
azzerare,5
obiettivi,5
dittatura,5
porterà,5
nonèlarena,5
poliziadistato,5
bonaccini,5
sbagliate,5
amica,5
300,5
collegamento,5
impone,5
cioè,5
scienza,5
famigliari,5
promesse,5
eppure,5
benessere,5
andrà,5
pretende,5
prospettive,5
pensieri,5
marta,5
contagio,5
over,5
astrazeneca,5
fallimento,5
vigliacco,5
età,5
nato,5
prevista,5
esercizi,5
banche,5
dietro,5
giornale,5
commissari,5
scuse,5
parenti,5
caduto,5
indennizzi,5
vaccinazioni,5
affrontare,5
prodotto,5
miliardo,5
scalda,5
giovanna,5
pazienti,5
giudicare,5
disturbo,5
termine,5
tecnici,5
india,5
sanremo2021,5
intervenga,5
delegazione,5
urgenza,5
auspicio,5
somministrazione,5
curare,5
padiglioni,5
responsabili,5
puoi,5
immediato,5
reti,5
efficienza,5
radiocapital,5
cercando,5
lontano,5
governodraghi,5
cominciare,5
tagliare,5
lotteria,5
scontrini,5
aerazione,5
disperazione,5
vorremmo,5
causato,5
posso,5
voterà,5
conteout,5
nonna,5
condannata,5
fallito,5
nomine,5
stipendio,5
spesa,5
tratta,5
neve,5
borsellino,5
zanicchi,5
sveglia,5
negozio,5
prigionieri,5
dimissioni,5
instagramlive,5
radio24,5
rainews24,5
scostamento,5
monte,4
malattia,4
travaglio,4
gufi,4
cani,4
vere,4
pene,4
cabina,4
uscito,4
pari,4
tranquillità,4
chilometri,4
mercoledì,4
uccise,4
dottor,4
costo,4
bordo,4
rapido,4
diventano,4
disegno,4
36,4
soccorso,4
altrettanto,4
traffico,4
federica,4
cartabia,4
momenti,4
immediati,4
20000,4
terzo,4
news,4
eroe,4
domanda,4
natura,4
vent,4
rimini,4
banda,4
300mila,4
tocca,4
principio,4
bretagna,4
caserta,4
multe,4
lavoratrici,4
previsione,4
sorridente,4
adesioni,4
puglia,4
mafioso,4
omicidi,4
nigeriana,4
limmigrazione,4
fatemi,4
scolastico,4
copertura,4
perde,4
prendiamo,4
autunno,4
sperando,4
arresto,4
intensiva,4
pozzallo,4
alan,4
jesolo,4
seguitemi,4
treviso,4
lago,4
terrore,4
promozione,4
tedesco,4
dipartimento,4
fontana,4
segue,4
direi,4
togliamo,4
tampone,4
sano,4
mancini,4
magistrato,4
salerno,4
lobbligo,4
itscomingrome,4
milanista,4
nino,4
catanzaro,4
vacanze,4
andando,4
coppa,4
tifosi,4
minaccia,4
insulto,4
riguarda,4
fabio,4
ostia,4
tifare,4
gay,4
piombino,4
carrara,4
comincia,4
spezia,4
csm,4
agire,4
sindacati,4
dalleparoleaifatti,4
boccata,4
sanzioni,4
riccardo,4
intellettuale,4
dedicata,4
fisco,4
spese,4
arte,4
pulita,4
biglietto,4
riuscito,4
scrive,4
mfedriga,4
amministrative,4
consenso,4
andrò,4
coinvolgimento,4
articoli,4
udc,4
avvocati,4
impegnato,4
congratulazioni,4
pen,4
tutele,4
limiti,4
colpevoli,4
istituzioni,4
carta,4
gruppi,4
oms,4
barchini,4
barconi,4
maggiore,4
patrimoniali,4
medio,4
seri,4
svizzera,4
spa,4
generazione,4
lombarda,4
silvio,4
esprimere,4
territorio,4
personaggio,4
efficaci,4
passanti,4
scorsa,4
violenti,4
tornerò,4
italiaaustria,4
drammatica,4
poteva,4
frontiere,4
sconcertante,4
bolzano,4
lintervento,4
salta,4
riconosciuto,4
domenico,4
penali,4
ultime,4
mariogiordano5,4
lì,4
carabiniere,4
mollato,4
sussiste,4
imprenditore,4
sforzi,4
28,4
52,4
accusa,4
panico,4
tavola,4
confermare,4
tramite,4
ritiene,4
società,4
gestito,4
fin,4
autistici,4
guardia,4
sicure,4
contrastare,4
province,4
molteni,4
stazione,4
profondamente,4
incredibili,4
operatori,4
ristorazione,4
insetti,4
dieta,4
azione,4
fedriga,4
rimanere,4
lombardi,4
autonoma,4
trattato,4
novembre,4
lunico,4
devo,4
capace,4
condividete,4
reazione,4
profughi,4
sicuri,4
abbastanza,4
400,4
buonumore,4
breve,4
coordinamento,4
tornerà,4
presentato,4
hoc,4
eccellenze,4
pagano,4
esponente,4
palombelli,4
occupiamo,4
fondazione,4
eriksen,4
riflessione,4
belpietro,4
voti,4
evviva,4
eh,4
qua,4
acqua,4
anima,4
aggettivo,4
finta,4
riposo,4
pure,4
considerazione,4
intimidazioni,4
ampliamento,4
preghiere,4
assessore,4
vacanza,4
condizione,4
ladri,4
colpo,4
cuneo,4
seguendo,4
proprietari,4
sfratti,4
propri,4
luogo,4
commenti,4
uccidere,4
bloccato,4
sorte,4
sembrano,4
geniale,4
diventato,4
concorrenza,4
ricordate,4
eletto,4
colore,4
allarma,4
riconoscenza,4
innovazione,4
funivia,4
bensì,4
2030,4
asilo,4
presi,4
eliminare,4
bianche,4
pm,4
barriere,4
architettoniche,4
contratti,4
unitalia,4
brusca,4
schiaffo,4
assassino,4
clic,4
dispetto,4
andré,4
ventura,4
amicizia,4
stupro,4
morto,4
conseguenze,4
gazebolega,4
elisabetta,4
personalmente,4
coppia,4
contearcuri,4
esce,4
raggio,4
corona,4
prezzo,4
rocco,4
chiusa,4
fiato,4
liberare,4
occupati,4
frutta,4
condivise,4
politicamente,4
corretto,4
ricostruire,4
leali,4
confortanti,4
positive,4
pensato,4
dover,4
pacifisti,4
proprietà,4
ognuno,4
sogna,4
energie,4
compagno,4
800mila,4
piccola,4
abbracciare,4
huffpostitalia,4
liberati,4
alex,4
duramente,4
contagiati,4
riescono,4
assegno,4
succede,4
verde,4
iniziare,4
pioeamedeo,4
dovremo,4
precedente,4
canone,4
segni,4
aggredito,4
sentenza,4
corte,4
varianti,4
guarda,4
comment,4
festeggiare,4
pasquale,4
credibile,4
guerra,4
stretto,4
darebbe,4
comodo,4
aumentano,4
limitazioni,4
ha,4
largo,4
coscienza,4
rabbia,4
nazionali,4
500,4
durigon,4
potenziare,4
presenze,4
cacciari,4
impossibile,4
spostarsi,4
dunque,4
open,4
arms,4
galantuomo,4
mostrato,4
sento,4
intanto,4
anticipare,4
bollette,4
fissi,4
spagnola,4
progressivo,4
michelle,4
fabrizio,4
finita,4
statale,4
ricerca,4
massimiliano,4
permesso,4
lasciano,4
laura,4
permette,4
umanità,4
compie,4
rimarrà,4
ungherese,4
regionale,4
profonda,4
iveco,4
sciagura,4
albania,4
impensabile,4
brexit,4
ipotesi,4
cittadinanze,4
dar,4
militare,4
riaprano,4
cronaca,4
27,4
graduale,4
documenti,4
direttiva,4
bolkestein,4
sanitarie,4
silenzi,4
dirigente,4
mancano,4
moto,4
sara,4
cure,4
32,4
brigate,4
finito,4
farmaci,4
accelerazione,4
ampia,4
ulteriori,4
5000,4
sbagliata,4
adotti,4
rimasti,4
risparmiatori,4
domande,4
amorellimilano,4
cordiale,4
alunni,4
mente,4
premio,4
consulente,4
fredy,4
struttura,4
sereno,4
persi,4
spreco,4
romagnolo,4
donato,4
pagato,4
tetto,4
generosità,4
ragioni,4
taranto,4
festadelladonna,4
telefono,4
sanremo,4
ricordato,4
soffrono,4
acquistare,4
cercare,4
dimettersi,4
agenzia,4
farmaco,4
esperienze,4
fragili,4
misegov,4
navigare,4
ceca,4
enormi,4
fund,4
angelo,4
dpcm,4
virologi,4
viceministri,4
carica,4
consenta,4
missione,4
doppio,4
piacere,4
attanasio,4
incassa,4
tg4,4
rigorosi,4
debba,4
funzionato,4
comandante,4
24mattino,4
annunci,4
unificate,4
raiportaaporta,4
conti,4
permettere,4
lanno,4
danneggiate,4
milanesi,4
dica,4
programmazione,4
finisca,4
ciechi,4
metteremo,4
maratonamentana,4
mirta,4
simpatie,4
veti,4
fame,4
abitazione,4
buttato,4
farmacisti,4
esercenti,4
dura,4
andremo,4
immediate,4
coalizione,4
agonia,4
votano,4
chiacchiere,4
dia,4
sanno,4
votiamo,4
decretisicurezza,4
aule,4
vogliamovotare,4
protetto,4
chigi,4
dirigenti,4
legale,4
muoiono,4
molinari,4
liveinstagram,4
comprare,4
maglie,4
resta,4
liti,4
previdenziali,4
protetti,4
regolamento,4
combattendo,4
depositata,4
deposito,4
alloggi,4
debbano,4
volete,4
togliendo,4
riuscire,4
elettroniche,4
dimenticate,4
recoveryfund,4
svapo,4
portafogli,4
toc,4
toninelli,4
task,4
force,4
capodanno,4
borghi,4
borghiclaudio,4
ascolti,4
fantozzi,4
congiuntifuoriregione,4
tasche,4
equità,4
giorgio,3
chiellini,3
toscani,3
banca,3
esiste,3
olimpica,3
vittorie,3
jacobs,3
inglesi,3
spettacolare,3
combattiamo,3
marcia,3
utilizzare,3
regia,3
pranzi,3
clienti,3
treni,3
nero,3
vabbè,3
complicare,3
baristi,3
noi,3
cisterna,3
composta,3
olimpici,3
danimarca,3
grandissimi,3
54,3
donno,3
magia,3
marcell,3
800,3
lennesimo,3
certa,3
gad,3
edicola,3
residenti,3
atleta,3
bronzo,3
scorsi,3
approvata,3
impedire,3
straniero,3
graduatoria,3
travolto,3
sessuale,3
emendamenti,3
nellincontro,3
anziana,3
emergenzavvf,3
credere,3
lasci,3
causati,3
soccorritori,3
finanziare,3
ferite,3
boschi,3
giochiolimpici,3
quarant,3
querela,3
sconti,3
splendide,3
pordenone,3
dedico,3
nonno,3
militanti,3
celebra,3
radici,3
brindisi,3
fermata,3
andati,3
pesaro,3
numerosi,3
stupidità,3
98,3
invitano,3
minorenni,3
rinchiudere,3
nipoti,3
romano,3
sardi,3
allamico,3
rossi,3
frosinone,3
fermiamo,3
dad,3
pugni,3
lestremismo,3
effetti,3
orvieto,3
licenziamenti,3
fuggito,3
walter,3
rivolta,3
giunta,3
fabbri,3
chioggia,3
scontro,3
conegliano,3
